Nom1;Nom2;Nom3;Nom4;Numero CAS;Information complémentaire 1;Annee;VLEP 8h (ppm);VLEP 8h (mg/m3);VLEP CT (ppm);VLEP CT (mg/m3);Information complémentaire 1;Information complémentaire 2
(2-méthoxyméthylethoxy)-propanol;Ether méthylique du dipropylène-glycol;;;34590-94-8;Risque de pénétration percutanée;2007;50;308;;;Risque de pénétration percutanée;
1,1,1,2-Tétrachlorodifluoroéthane;;;;76-11-9;;1987;500;4170;;;;
1,1,1-Trichloroéthane;;;;71-55-6;;2006;100;555;200;1110;;
1,1,2,2-Tétrabromoéthane;Tétrabromure d'acétylène;;;79-27-6;;1987;1;15;;;;
1,1,2,2-Tétrachlorodifluoroéthane;;;;76-12-0;;1987;500;4170;;;;
1,1,2,2-Tétrachloroéthane;;;;79-34-5;;1983;1;7;5;35;;
1,1,2-Trichlorotrifluoroéthane (F 113);;;;76-13-1;;1983;1000;7600;1250;9500;;
1,1-Dichloro-1-nitroéthane;;;;594-72-9;;1987;2;10;;;;
1,1-Dichloroéthane;;;;75-34-3;Risque de pénétration percutanée;2004;100;412;;;Risque de pénétration percutanée;
1,1-Dichloroéthylène;Chlorure de vinylidène;;;75-35-4;Cancérogène de catégorie 1B, Mutagène de catégorie 2 (23ème ATP est applicable à partir du 1er février 2027);2019;2;8;5;20;Cancérogène de catégorie 1B, Mutagène de catégorie 2 (23ème ATP est applicable à partir du 1er février 2027);
1,1-Diméthylhydrazine;;;;57-14-7;Cancérogène de catégorie 1B, Risques d'allergie cutanée;1983;0,1;0,2;;;Cancérogène de catégorie 1B, Risques d'allergie cutanée;
1,2,3-Triméthylbenzène;;;;526-73-8;;2007;20;100;50;250;;
1,2,4-Trichlorobenzène;;;;120-82-1;Risque de pénétration percutanée;2007;2;15,1;5;37,8;Risque de pénétration percutanée;
1,2,4-Triméthylbenzène;;;;95-63-6;;2007;20;100;50;250;;
1,2-Diaminoéthane;Ethylènediamine;;;107-15-3;;1984;10;25;15;35;;
1,2-Dichlorobenzène;;;;95-50-1;Risque de pénétration percutanée;2007;20;122;50;306;Risque de pénétration percutanée;
1,2-Dichloroéthane;Dichlorure d'éthylène;;;107-06-2;Cancérogène de catégorie 1B, Risque de pénétration percutanée;2021;2;8,2;;;Cancérogène de catégorie 1B, Risque de pénétration percutanée;
1,2-Dichloropropane;;;;78-87-5;Cancérogène de catégorie 1B;1987;75;350;;;Cancérogène de catégorie 1B;
1,2-Dichlorotétrafluoroéthane (F 114);;;;76-14-2;;1987;1000;7000;;;;
1,2-Epoxypropane;Oxyde de propylène;;;75-56-9;Cancérogène de catégorie 1B,Mutagène de catégorie 1B;2020;1;2,4;;;Cancérogène de catégorie 1B,Mutagène de catégorie 1B;
1,3,5-Triméthylbenzène;Mésitylène;;;108-67-8;;2007;20;100;50;250;;
1,3-Butadiène;;;;106-99-0;Cancérogène de catégorie 1A, Mutagène de catégorie 1B;2020;1;2,2;;;Cancérogène de catégorie 1A, Mutagène de catégorie 1B;
1,3-Dichloro-5,5-diméthylhydantoïne;;;;118-52-5;;1987;;0,2;;;;
1,3-Divinylbenzène;;;;108-57-6;;1987;10;50;;;;
1,4-Dichlorobenzène;;;;106-46-7;Cancérogène de catégorie 2, Risque de pénétration percutanée;2019;0,75;4,5;10;60;Cancérogène de catégorie 2, Risque de pénétration percutanée;
1,4-Dioxane;;;;123-91-1;Cancérogène de catégorie 1B;2012;20;73;40;140;Cancérogène de catégorie 1B;La VLEP CT n'est pas réglementaire et provient d'une circulaire du ministère chargé du travail
1-Chloro-1-nitropropane;;;;600-25-9;;1987;2;10;;;;
1-Méthoxy-2-propanol;Ether méthylique du propylène-glycol;;;107-98-2;Risque de pénétration percutanée;2007;50;188;100;375;Risque de pénétration percutanée;
1-Nitropropane;;;;108-03-2;;1987;25;90;;;;
2-(2-butoxyethoxy)éthanol;;;;112-34-5;;2007;10;67,5;15;101,2;;
2-(2-méthoxyéthoxy)éthanol;;;;111-77-3;Risque de pénétration percutanée, Toxique pour la reproduction de catégorie 2, Classification Toxique pour la reproduction de catégorie 1B dans la 18ième ATP applicable à partir du 1 décembre 2023;2007;10;50,1;;;Risque de pénétration percutanée, Toxique pour la reproduction de catégorie 2, Classification Toxique pour la reproduction de catégorie 1B dans la 18ième ATP applicable à partir du 1 décembre 2023;
2,4,5-T;Acide 2,4,5-trichlorophénoxyacétique;;;93-76-5;;1987;;10;;;;
2,4,6-Trinitrotoluène;;;;118-96-7;Risque de pénétration percutanée;1987;;0,5;;;Risque de pénétration percutanée;
2,4-D;Acide 2,4-dichlorophénoxyacétique;;;94-75-7;;1987;;10;;;;
2,6-Di-tert-butyl-p-crésol;;;;128-37-0;;1987;;10;;;;
2-Aminopyridine;;;;504-29-0;;1987;0,5;2;;;;
2-Butoxyéthanol;Butylglycol;;;111-76-2;Risque de pénétration percutanée;2012;10;49;50;246;Risque de pénétration percutanée;
2-Butyne-1,4-diol;;;;110-65-6;;2019;;0,5;;;;
2-Chloro-1,3-butadiène;Béta-Chloroprène;;;126-99-8;Cancérogène de catégorie 1B;1985;10;36;;;Cancérogène de catégorie 1B;
2-Cyanoacrylate de méthyle;;;;137-05-3;;1984;2;8;4;18;;
2-Diéthylaminoéthanol;Diéthyléthanolamine;;;100-37-8;Risque de pénétration percutanée;1987;10;50;;;Risque de pénétration percutanée;
2-Ethoxyéthanol;Ethylglycol;;;110-80-5;Risque de pénétration percutanée, Toxique pour la reproduction de catégorie 1B;2012;2;8;;;Risque de pénétration percutanée, Toxique pour la reproduction de catégorie 1B;
2-Ethylhexan-1-ol;;;;104-76-7;;2019;1;5,4;;;;
2-Hexanone;Méthyl-n-butylcétone;;;591-78-6;Toxique pour la reproduction de catégorie 2;1984;5;20;8;35;Toxique pour la reproduction de catégorie 2;
2-Isopropoxyéthanol;;;;109-59-1;;1987;25;105;;;;
2-Méthoxyéthanol;Méthylglycol;;;109-86-4;Risque de pénétration percutanée, Toxique pour la reproduction de catégorie 1B;2012;1;3,2;;;Risque de pénétration percutanée, Toxique pour la reproduction de catégorie 1B;
2-Méthylcyclohexanone;;;;583-60-8;Risque de pénétration percutanée;1987;50;230;;;Risque de pénétration percutanée;
2-Naphtylamine;;;;91-59-8;Cancérogène de catégorie 1A;1985;0,001;0,005;;;Cancérogène de catégorie 1A;
2-Nitropropane;;;;79-46-9;Cancérogène de catégorie 1B;2020;5;18;;;Cancérogène de catégorie 1B;
2-Phénylpropène;alpha-Méthylstyrène;;;98-83-9;Risque de pénétration percutanée, Cancérogène de catégorie 2 (23ème ATP est applicable à partir du 1er février 2027);2004;25;123;100;492;Risque de pénétration percutanée, Cancérogène de catégorie 2 (23ème ATP est applicable à partir du 1er février 2027);
3,5-Dinitro-o-toluamide;;;;148-01-6;;1987;;5;;;;
3-Amino-1,2,4-triazole;Amitrole;;;61-82-5;Toxique pour la reproduction de catégorie 2;2019;;0,2;;;Toxique pour la reproduction de catégorie 2;
3-Chloropropène;Chlorure d'allyle;;;107-05-1;Cancérogène de catégorie 2,Mutagène de catégorie 2;1987;1;3;;;Cancérogène de catégorie 2,Mutagène de catégorie 2;
3-Heptanone;Ethylbutylcétone;;;106-35-4;;2006;20;95;;;;
4,4'-Diisocyanate de diphénylméthane;;;;101-68-8;Risques d'allergie respiratoire, Cancérogène de catégorie 2;1986;0,01;0,1;0,02;0,2;Risques d'allergie respiratoire, Cancérogène de catégorie 2;La VLEP CT est définie sur une période de référence de 5 minute
4,4'-Méthylènebis(2-chloroaniline) (MOCA) (Fraction inhalable);2,2'-dichloro-4,4'-méthylènedianiline ; 3,3'-dichloro-4,4'-diaminodiphénylméthane ; MBOCA;101-14-4;Cancérogène de catégorie 1B, Risque de pénétration percutanée;2021;;0,01;;;Cancérogène de catégorie 1B, Risque de pénétration percutanée;
4,4'-Méthylènedianiline;;;;101-77-9;Risque de pénétration percutanée, Cancérogène de catégorie 1B, Mutagène de catégorie 2;2021;;0,08;;;Risque de pénétration percutanée, Cancérogène de catégorie 1B, Mutagène de catégorie 2;
4,4'-Thiobis(6-tert-butyl-m-crésol);;;;96-69-5;;1987;;10;;;;
4,6-Dinitro-o-crésol;;;;534-52-1;Risque de pénétration percutanée, Mutagène de catégorie 2;1987;;0,2;;;Risque de pénétration percutanée, Mutagène de catégorie 2;
4-Aminobiphényle;;;;92-67-1;Cancérogène de catégorie 1A;1985;0,001;0,007;;;Cancérogène de catégorie 1A;
4-Aminotoluene;<em>p</em>-toluidine;;;106-49-0;Risque de pénétration percutanée, Cancérogène de catégorie 2;2021;1;4,46;2;8,92;Risque de pénétration percutanée, Cancérogène de catégorie 2;
4-Méthoxyphénol;;;;150-76-5;;1987;;5;;;;
4-Méthyl-2-pentanol;Méthylisobutylcarbinol;;;108-11-2;Risque de pénétration percutanée;1987;25;100;;;Risque de pénétration percutanée;
4-Nitroaniline;;;;100-01-6;Risque de pénétration percutanée;1987;;3;;;Risque de pénétration percutanée;
5-Méthyl-3-heptanone;Ethylisoamylcétone;;;541-85-5;;2004;10;53;20;107;;
Acétate de 1-méthylbutyle;Acétate de sec-amyle;;;626-38-0;;2007;50;270;100;540;;
Acétate de 2-butoxyéthyle;;;;112-07-2;Risque de pénétration percutanée;2012;10;66,5;50;333;Risque de pénétration percutanée;
Acétate de 2-éthoxyéthyle;Acétate d'éthylglycol;;;111-15-9;Risque de pénétration percutanée, Toxique pour la reproduction de catégorie 1B;2012;2;11;;;Risque de pénétration percutanée, Toxique pour la reproduction de catégorie 1B;
Acétate de 2-méthoxy-1-méthyléthyle;;;;108-65-6;Risque de pénétration percutanée;2007;50;275;100;550;Risque de pénétration percutanée;
Acétate de 2-méthoxyéthyle;Acétate de méthylglycol;;;110-49-6;Risque de pénétration percutanée, Toxique pour la reproduction de catégorie 1B;2012;1;5;;;Risque de pénétration percutanée, Toxique pour la reproduction de catégorie 1B;
Acétate de 3-pentyle;;;;620-11-1;;2004;50;270;100;540;;
Acétate de méthyle;;;;79-20-9;;1983;200;610;250;760;;
Acétate de n-butyle;;;;123-86-4;;2021;50;241;150;723;;
Acétate de n-propyle;;;;109-60-4;;1987;200;840;;;;
Acétate de pentyle;Acétate de n-amyle;;;628-63-7;;2007;50;270;100;540;;
Acétate de sec-butyle;;;;105-46-4;;2021;50;241;150;723;;
Acétate de sec-hexyle;;;;108-84-9;;1987;50;300;;;;
Acétate de tert-butyle;;;;540-88-5;;1987;200;950;;;;
Acétate de vinyle;;;;108-05-4;Cancérogène de catégorie 2;2012;5;17,6;10;35,2;Cancérogène de catégorie 2;
Acétate d'éthyle;;;;141-78-6;;2019;200;734;400;1468;;
Acétate d'isobutyle;;;;110-19-0;;2021;50;241;150;723;;
Acétate d'isopentyle;;;;123-92-2;;2007;50;270;100;540;;
Acétate d'isopropyle;;;;108-21-4;;1983;250;950;300;1140;;
Acétone;;;;67-64-1;;2007;500;1210;1000;2420;;
Acétonitrile;;;;75-05-8;Risque de pénétration percutanée;2007;40;70;;;Risque de pénétration percutanée;
Acide 2,2-dichloropropionique;Dalapon;;;75-99-0;;1987;1;6;;;;
Acide acétique;;;;64-19-7;;2019;10;25;20;50;;
Acide acrylique;;;;79-10-7;;2019;10;29;20;59;;La valeur limite de court terme est sur une période de référence de 1 minute
Acide arsénique et ses sels, ainsi que ses composés inorganiques (fraction inhalable);Arsenic, trioxyde de diarsenic, anhydrite arsénieux, hydrogène arsénié, arsine, trihydrure d'arsenic;;;;Dans la directive 2019/983 fixant cette VLEP, l’entrée en anglais est « Arsenic acid and its salts, as well as inorganic arsenic compounds », il y a donc une erreur de traduction dans la version française de la directive. Certains ou tous ces composées sont classés Cancérogène de catégorie 1A, Cancérogène de catégorie 1B ou Cancérogène de catégorie 2;2021;;0,01;;;Dans la directive 2019/983 fixant cette VLEP, l’entrée en anglais est « Arsenic acid and its salts, as well as inorganic arsenic compounds », il y a donc une erreur de traduction dans la version française de la directive. Certains ou tous ces composées sont classés Cancérogène de catégorie 1A, Cancérogène de catégorie 1B ou Cancérogène de catégorie 2;Pour l'arsine qui est un gaz la methode MetroPol M-134 peut etre utilisee.
Acide bromhydrique;;;;10035-10-6;;2004;;;2;6,7;;
Acide cyanhydrique (en cyanure);Cyanure d'hydrogène;;;74-90-8;Risque de pénétration percutanée;2019;0,9;1;4,5;5;Risque de pénétration percutanée;
Acide formique;;;;64-18-6;;2007;5;9;;;;
Acide méthacrylique;;;;79-41-4;;1987;20;70;;;;
Acide nitrique;;;;7697-37-2;;2007;;;1;2,6;;
Acide oxalique;;;;144-62-7;;2007;;1;;;;
Acide phosphorique;;;;7664-38-2;;2004;0,20;1;0,5;2;;
Acide picrique;2,4,6-Trinitrophénol;;;88-89-1;Risque de pénétration percutanée;1987;;0,1;;;Risque de pénétration percutanée;
Acide propionique;;;;79-09-4;;2004;10;31;20;62;;
Acide sulfurique;;;;7664-93-9;;2012;;0,05;;3;;La VLEP 8h s'applique à la fraction thoracique de l'aérosol. La VLEP CT n'est pas réglementaire et provient d'une circulaire du ministère chargé du travail
Acide thioglycolique;;;;68-11-1;Risque de pénétration percutanée;1987;1;5;;;Risque de pénétration percutanée;
Acide trichloroacétique;;;;76-03-9;;1987;1;5;;;;
Acroléine;;;;107-02-8;;2019;0,02;0,05;0,05;0,12;;
Acrylamide;;;;79-06-1;Risque de pénétration percutanée, Cancérogène de catégorie 1B,Mutagène de catégorie 1B,Toxique pour la reproduction de catégorie 2;2020;;0,1;;;Risque de pénétration percutanée, Cancérogène de catégorie 1B,Mutagène de catégorie 1B,Toxique pour la reproduction de catégorie 2;
Acrylate de 2-hydroxypropyle;;;;999-61-1;Risque de pénétration percutanée;1987;0,5;3;;;Risque de pénétration percutanée;
Acrylate de méthyle;;;;96-33-3;;2012;5;18;10;36;;
Acrylate de n-butyle;;;;141-32-2;;2004;2;11;10;53;;
Acrylate d'éthyle;;;;140-88-5;;2012;5;21;10;42;;
Acrylonitrile;;;;107-13-1;Cancérogène de catégorie 1B, Risque de pénétration percutanée, La substance peut provoquer une sensibilisation cutanée.;2024;0,45;1;1,8;4;Cancérogène de catégorie 1B, Risque de pénétration percutanée, La substance peut provoquer une sensibilisation cutanée.;Entre en vigueur le 5 avril 2026. Avant cette date, valeurs non reglementaires : VLEP 8h 2 ppm ou 4,5 mg/m3, VLEP CT 15 ppm ou 32,5 mg/m3
Alcool allylique;;;;107-18-6;Risque de pénétration percutanée;2004;0,20;0,48;2;4,8;Risque de pénétration percutanée;
Alcool éthylique;;;;64-17-5;;1982;1000;1900;5000;9500;;
Alcool furfurylique;;;;98-00-0;Risque de pénétration percutanée, Cancérogène de catégorie 2;1987;10;40;;;Risque de pénétration percutanée, Cancérogène de catégorie 2;
Alcool isoamylique;;;;123-51-3;;2021;5;18;10;37;;
Alcool isobutylique;;;;78-83-1;;1982;50;150;;;;
Alcool isooctylique;;;;26952-21-6;Risque de pénétration percutanée;1987;50;270;;;Risque de pénétration percutanée;
Alcool isopropylique;;;;67-63-0;;1982;;;400;980;;
Alcool n-butylique;;;;71-36-3;;1982;;;50;150;;
Alcool n-propylique;;;;71-23-8;;1982;200;500;;;;
Alcool propargylique;;;;107-19-7;Risque de pénétration percutanée;1987;1;2;;;Risque de pénétration percutanée;
Alcool sec-butylique;;;;78-92-2;;1982;100;300;;;;
Alcool tert-butylique;;;;75-65-0;;1982;100;300;;;;
Aldéhyde 2-buténoïque trans;Aldéhyde Crotonique;;;123-73-9;Mutagène de catégorie 2;1987;2;6;;;Mutagène de catégorie 2;
Aldéhyde acétique;;;;75-07-0;Mutagène de catégorie 2, Cancérogène de catégorie 1B;1987;100;180;;;Mutagène de catégorie 2, Cancérogène de catégorie 1B;
Aldéhyde chloroacétique;;;;107-20-0;Cancérogène de catégorie 2;1987;;;1;3;Cancérogène de catégorie 2;
Aldéhyde furfurylique;Furfural;;;98-01-1;Cancérogène de catégorie 2;1982;;;2;8;Cancérogène de catégorie 2;
Aldéhyde glutarique;;;;111-30-8;;1996;0,1;0,4;0,2;0,8;;
Aldéhyde n-valérique;;;;110-62-3;;1987;50;175;;;;
Aldrine;;;;309-00-2;Risque de pénétration percutanée, Cancérogène de catégorie 2;1987;;0,25;;;Risque de pénétration percutanée, Cancérogène de catégorie 2;
Aluminium (composés alkylés);;;;;;1987;;2;;;;
Aluminium (fumées de soudage);;;;;;1987;;5;;;;
Aluminium (métal);;;;7429-90-5;;1985;;10;;;;
Aluminium (pulvérulent);;;;7429-90-5;;1987;;5;;;;
Aluminium (sels solubles);;;;;;1985;;2;;;;
Aluminium (trioxyde de di-);;;;1344-28-1;;1985;;10;;;;
Amiante;Amosite,Chrysotile,Crocidolite;;;;Cancérogène de catégorie 1A;2012;10 fibres/litre;;;;Cancérogène de catégorie 1A;VLEP fixée par l'article R 4412-100 du Code du travail. Voir 2.3.1 de l'ED 6443.
Ammoniac anhydre;;;;7664-41-7;;2006;10;7;20;14;;
Ammonium (chlorure d'),fumées;Chlorure d'ammonium;;;12125-02-9;;1987;;10;;;;
Ammonium (sulfamate d');;;;7773-06-0;;1987;;10;;;;
Amylacétate, tert.;;;;625-16-1;;2004;50;270;100;540;;
Anhydride acétique;;;;108-24-7;;1985;;;5;20;;
Anhydride maléique;;;;108-31-6;Risque d'allergie;1982;;;;1;Risque d'allergie;
Anhydride phtalique;;;;85-44-9;Risque d'allergie;1982;;;;6;Risque d'allergie;
Anhydride trimellitique (fumées);;;;552-30-7;Risque d'allergie;1985;0,005;0,04;;;Risque d'allergie;
Aniline;;;;62-53-3;Cancérogène de catégorie 2,Mutagène de catégorie 2,Risque de pénétration percutanée;2021;2;7,74;5;19,35;Cancérogène de catégorie 2,Mutagène de catégorie 2,Risque de pénétration percutanée;Lors du suivi de l'exposition, il convient de tenir compte des valeurs de suivi biologique appropriées.
Aniline (sels d');;;;;Cancérogène de catégorie 2,Mutagène de catégorie 2,Risque de pénétration percutanée;1996;;7,6;;;Cancérogène de catégorie 2,Mutagène de catégorie 2,Risque de pénétration percutanée;
Antimoine et ses composés,en Sb;;;;;Certains ou tous ces composées sont classés Cancérogène de catégorie 1A, Cancérogène de catégorie 1B ou Cancérogène de catégorie 2;1984;;0,5;;;Certains ou tous ces composées sont classés Cancérogène de catégorie 1A, Cancérogène de catégorie 1B ou Cancérogène de catégorie 2;
ANTU;1-Naphtylthiourée;;;86-88-4;Cancérogène de catégorie 2;1987;;0,3;;;Cancérogène de catégorie 2;
Argent (composés solubles),en Ag;;;;;;2007;;0,01;;;;
Argent (métallique);;;;7440-22-4;Toxique pour la reproduction de catégorie 2 (22ème ATP est applicable à partir du 1er mai 2026);2004;;0,1;;;Toxique pour la reproduction de catégorie 2 (22ème ATP est applicable à partir du 1er mai 2026);
Atrazine;;;;1912-24-9;;1987;;5;;;;
Azide de sodium;;;;26628-22-8;Risque de pénétration percutanée;2006;;0,1;;0,3;Risque de pénétration percutanée;
Azinphos-méthyl;;;;86-50-0;Risque de pénétration percutanée;1987;;0,2;;;Risque de pénétration percutanée;
Azote (dioxyde d');Dioxyde d'azote;;;10102-44-0;;2019;0,5;0,96;1;1,91;;
Azote (oxyde d');Oxyde d'azote;;;10102-43-9;;2019;2;2,5;;;;
Azote (trifluorure d');;;;7783-54-2;;1987;10;30;;;;
Baryum (composés solubles),en Ba;;;;;;2007;;0,5;;;;
Bénomyl;;;;17804-35-2;Mutagène de catégorie 1B, Toxique pour la reproduction de catégorie 1B;1987;0,8;10;;;Mutagène de catégorie 1B, Toxique pour la reproduction de catégorie 1B;
Benzène;;;;71-43-2;Cancérogène de catégorie 1A,Mutagène de catégorie 1B, Risque de pénétration percutanée;2024;0,5;1,65;;;Cancérogène de catégorie 1A,Mutagène de catégorie 1B, Risque de pénétration percutanée;A compter du 6 avril 2026 la VLEP 8h est abaissee a 0,2 ppm ou 0,66 mg/m3.
Benzidine;;;;92-87-5;Cancérogène de catégorie 1A;1985;0,001;0,008;;;Cancérogène de catégorie 1A;
Béryllium et ses composés inorganiques (fraction inhalable);;;;7440-41-7;Cancérogène de catégorie 1B, La substance peut provoquer une sensibilisation des voies respiratoires. La substance peut provoquer une sensibilisation de la peau.;2021;;0,0006;;;Cancérogène de catégorie 1B, La substance peut provoquer une sensibilisation des voies respiratoires. La substance peut provoquer une sensibilisation de la peau.;Valeur abaissée à 0,0002 mg/m3 au 12/07/2026
Biphényle;;;;92-52-4;;1984;0,2;1,5;;;;
Biphényle chloré (42% Cl);;;;53469-21-9;Risque de pénétration percutanée;1987;;1;;;Risque de pénétration percutanée;
Biphényle chloré (54% Cl);;;;11097-69-1;Risque de pénétration percutanée;1987;;0,5;;;Risque de pénétration percutanée;
Bismuth (tellurure de);;;;1304-82-1;;1987;;10;;;;
Bismuth (tellurure de,dopé au Se);;;;;;1987;;5;;;;
Bisphénol A (poussières inhalables);4,4'- isopropylidènediphénol;;;80-05-7;Toxique pour la reproduction de catégorie 1B;2019;;2;;;Toxique pour la reproduction de catégorie 1B;
Bois (poussières de);;;;;Les travaux exposants aux poussières de bois inhalables sont considérés comme cancérogènes (arrêté du 26 octobre 2020 modifié);2004;;1;;;Les travaux exposants aux poussières de bois inhalables sont considérés comme cancérogènes (arrêté du 26 octobre 2020 modifié);
Bore (trifluorure de);;;;7637-07-2;;1987;;;1;3;;
Bore (trioxyde de di-);Anhydride borique;;;1303-86-2;Toxique pour la reproduction de catégorie 1B;1987;;10;;;Toxique pour la reproduction de catégorie 1B;
Brai de houille (vapeurs ou aérosols, fraction soluble dans le benzène);;;;65996-93-2;Cancérogène de catégorie 1A,Mutagène de catégorie 1B,Toxique pour la reproduction de catégorie 1B;1986;;0,2;;;Cancérogène de catégorie 1A,Mutagène de catégorie 1B,Toxique pour la reproduction de catégorie 1B;
Bromacil;;;;314-40-9;;1987;1;10;;;;
Brome;;;;7726-95-6;;2007;0,1;0,7;;;;
Brome (pentafluorure de);;;;7789-30-2;;1987;0,1;0,7;;;;
Bromochlorométhane;;;;74-97-5;;1987;200;1050;;;;
Bromoéthane;Bromure d'éthyle;;;74-96-4;Cancérogène de catégorie 2;1987;200;890;;;Cancérogène de catégorie 2;
Bromoéthylène;;;;593-60-2;Cancérogène de catégorie 1B;2020;1;4,4;;;Cancérogène de catégorie 1B;
Bromométhane;Bromure de méthyle;;;74-83-9;Mutagène de catégorie 2;2007;5;20;;;Mutagène de catégorie 2;
Bromotrifluorométhane (F 13 B1);;;;75-63-8;;1987;1000;6100;;;;
Butanethiol (isomères);Butylmercaptant;;;;;1987;0,5;1,5;;;;
Cadmium et ses composés inorganiques (fraction inhalable);;;;7440-43-9;Certains ou tous ces composées sont classés (Cancérogène de catégorie 1A, Cancérogène de catégorie 1B ou Cancérogène de catégorie 2), (Mutagène de catégorie 1A, Mutagène de catégorie 1B ou Mutagène de catégorie 2) et (Toxique pour la reproduction de catégorie 1A, Toxique pour la reproduction de catégorie 1B ou Toxique pour la reproduction de catégorie 2);2021;;0,004;;;Certains ou tous ces composées sont classés (Cancérogène de catégorie 1A, Cancérogène de catégorie 1B ou Cancérogène de catégorie 2), (Mutagène de catégorie 1A, Mutagène de catégorie 1B ou Mutagène de catégorie 2) et (Toxique pour la reproduction de catégorie 1A, Toxique pour la reproduction de catégorie 1B ou Toxique pour la reproduction de catégorie 2);Valeur abaissée à 0,001 mg/m3 au 12/07/2027
Calcium (carbonate de);Calcite,Marbre,Carbonate de calcium;;;471-34-1;;1987;;10;;;;
Calcium (cyanamide de);Cyanamide de calcium;;;156-62-7;;1987;;0,5;;;;
Calcium (hydroxyde de) fraction alvéolaire;Hydroxyde de calcium;;;1305-62-0;;2019;;1;;4;;
Calcium (oxyde de) fraction alvéolaire;Oxyde de calcium;;;1305-78-8;;2019;;1;;4;;
Calcium (sulfate de);Gypse,Sulfate de calcium;;;10101-41-4;;1987;;10;;;;
Camphéchlore;Toxaphène;;;8001-35-2;Risque de pénétration percutanée, Cancérogène de catégorie 2;1987;;0,5;;;Risque de pénétration percutanée, Cancérogène de catégorie 2;
Camphre;;;;76-22-2;;1987;2;12;;;;
Captafol;;;;2425-06-1;Risque de pénétration percutanée, Cancérogène de catégorie 1B;1987;;0,1;;;Risque de pénétration percutanée, Cancérogène de catégorie 1B;
Captane;;;;133-06-2;Cancérogène de catégorie 2, (Toxique pour la reproduction de catégorie 2 : 23ème ATP est applicable à partir du 1er février 2027);1987;;5;;;Cancérogène de catégorie 2, (Toxique pour la reproduction de catégorie 2 : 23ème ATP est applicable à partir du 1er février 2027);
Carbaryl;;;;63-25-2;Cancérogène de catégorie 2;1987;;5;;;Cancérogène de catégorie 2;
Carbofuran;;;;1563-66-2;;1987;;0,1;;;;
Cellulose (fibre de papier);;;;9004-34-6;;1987;;10;;;;
Césium (hydroxyde de);;;;21351-79-1;;1987;;2;;;;
Cétène;;;;463-51-4;;1987;0,5;0,9;;;;
Chanvre (fibres de);;;;;;1993;;0,2;;;;La valeur limite concerne la fraction thoracique
Chlordane;;;;57-74-9;Risque de pénétration percutanée,Cancérogène de catégorie 2;1987;;0,5;;;Risque de pénétration percutanée,Cancérogène de catégorie 2;
Chlore;;;;7782-50-5;;2007;;;0,5;1,5;;
Chlore (dioxyde de);Dioxyde de chlore;;;10049-04-4;;1984;0,1;0,3;0,3;0,8;;
Chlore (trifluorure de);;;;7790-91-2;;1983;;;;0,4;;
Chlorobenzène;;;;108-90-7;;2007;5;23;15;70;;
Chlorodifluorométhane (F 22);;;;75-45-6;;2004;1000;3600;;;;
Chloroéthane;Chlorure d'éthyle;;;75-00-3;Cancérogène de catégorie 2;2007;100;268;;;Cancérogène de catégorie 2;
Chlorométhane;Chlorure de méthyle;;;74-87-3;Cancérogène de catégorie 2;2021;20;42;;;Cancérogène de catégorie 2;
Chloropentafluoroéthane;;;;76-15-3;;1987;1000;6320;;;;
Chloropicrine;Nitrotrichlorométhane;;;76-06-2;;1987;0,1;0,7;;;;
Chlorpyrifos;;;;2921-88-2;Risque de pénétration percutanée;1987;;0,2;;;Risque de pénétration percutanée;
Chlorure de chloroacétyle;;;;79-04-9;;1987;0,05;0,2;;;;
Chlorure de cyanogène;;;;506-77-4;;1987;;;0,3;0,6;;
Chlorure de vinyle monomère;Chloroéthylène;;;75-01-4;Cancérogène de catégorie 1A;1980;1;2,59;;;Cancérogène de catégorie 1A;
Chlorure d'hydrogène;Acide chlorhydrique;;;7647-01-0;;2006;;;5;7,6;;
Chromate de tert-butyle,en CrO3;;;;1189-85-1;Risque de pénétration percutanée, Cancérogène de catégorie 1B;1987;;;;0,1;Risque de pénétration percutanée, Cancérogène de catégorie 1B;
Chrome (métal), composés de chrome inorganiques (II) et composés de chrome inorganiques (insolubles) (III);;;;7440-47-3;;2007;;2;;;;
Chrome hexavalent et ses composés;Acide chromique,Anhydride chromique, Chromates et dichromates de sodium et de potassium;;;;Risque de pénétration percutanée, Certains ou tous ces composées sont classés (Cancérogène de catégorie 1A, Cancérogène de catégorie 1B ou Cancérogène de catégorie 2), (Mutagène de catégorie 1A, Mutagène de catégorie 1B ou Mutagène de catégorie 2) et (Toxique pour la reproduction de catégorie 1A, Toxique pour la reproduction de catégorie 1B ou Toxique pour la reproduction de catégorie 2);2012;;0,001;;0,005;Risque de pénétration percutanée, Certains ou tous ces composées sont classés (Cancérogène de catégorie 1A, Cancérogène de catégorie 1B ou Cancérogène de catégorie 2), (Mutagène de catégorie 1A, Mutagène de catégorie 1B ou Mutagène de catégorie 2) et (Toxique pour la reproduction de catégorie 1A, Toxique pour la reproduction de catégorie 1B ou Toxique pour la reproduction de catégorie 2);
Clopidol;;;;2971-90-6;;1987;;10;;;;
Cobalt carbonyle,en Co;;;;10210-68-1;;1987;;0,1;;;;
Cobalt hydrocarbonyle,en Co;;;;16842-03-8;;1987;;0,1;;;;
Colophane (produits de décomposition des baguettes de soudure, exprimés en aldéhyde formique);;;;;;1987;;0,1;;;;
Composés du nickel Exprimés en nickel (fraction alvéolaire);;;;;Risque de sensibilisation cutanée et respiratoire. Certains de ces composés sont classés cancérogènes de catégorie 1A, mutagènes de catégorie 2 ou toxiques pour la reproduction de catégorie 1B.;2024;;0,01;;;Risque de sensibilisation cutanée et respiratoire. Certains de ces composés sont classés cancérogènes de catégorie 1A, mutagènes de catégorie 2 ou toxiques pour la reproduction de catégorie 1B.;
Composés du nickel Exprimés en nickel (fraction inhalable);;;;;Risque de sensibilisation cutanée et respiratoire. Certains de ces composés sont classés cancérogènes de catégorie 1A, mutagènes de catégorie 2 ou toxiques pour la reproduction de catégorie 1B.;2024;;0,05;;;Risque de sensibilisation cutanée et respiratoire. Certains de ces composés sont classés cancérogènes de catégorie 1A, mutagènes de catégorie 2 ou toxiques pour la reproduction de catégorie 1B.;
Coton (fibres de);;;;;;1995;;0,2;;;;La valeur limite concerne la fraction thoracique
Coumafène;Warfarine;;;81-81-2;Toxique pour la reproduction de catégorie 1A;1987;;0,1;;;Toxique pour la reproduction de catégorie 1A;
Crésols (tous isomères);;;;1319-77-3;;1983;5;22;;;;
Crufomate;;;;299-86-5;;1987;;5;;;;
Cuivre (fumées);;;;7440-50-8;;1987;;0,2;;;;
Cuivre (poussières),en Cu;;;;7440-50-8;;1984;;1;;2;;
Cumène;Isopropylbenzène,2-phényl-propane;;;98-82-8;Risque de pénétration percutanée, Classification Cancérogène de catégorie 1B dans la 18ième ATP applicable à partir du 1 décembre 2023;2021;10;50;50;250;Risque de pénétration percutanée, Classification Cancérogène de catégorie 1B dans la 18ième ATP applicable à partir du 1 décembre 2023;Si un suivi biologique est mis en place, le suivi de l'exposition s'effectue a partir des valeurs de suivi biologique disponibles et appropriees pour cet agent chimique.
Cyanamide;;;;420-04-2;Risque de pénétration percutanée, Cancérogène de catégorie 2, Toxique pour la reproduction de catégorie 2;2007;0,58;1;;;Risque de pénétration percutanée, Cancérogène de catégorie 2, Toxique pour la reproduction de catégorie 2;
Cyanogène;;;;460-19-5;;1983/1982;2;4;10;20;;
Cyanure d'hydrogène (Fumigation);;;;74-90-8;;1988;;;;;;L'article du decret numero 88-448 du 26 avril 1988 modifie fixant des valeurs specifiques aux travailleurs exposes lors d'une operation de fumigation a ete suprime par le decret 2024-307 du 4 avril 2024.  Voir desormais l'entree Acide cyanhydrique exprime en cyanure
Cyanures,en CN (sauf cyanures nommément désignés);;;;;Risque de pénétration percutanée;1987;;5;;;Risque de pénétration percutanée;
Cyclohexane;;;;110-82-7;;2007;200;700;375;1300;;La VLEP CT n'est pas réglementaire et provient d'une circulaire du ministère chargé du travail
Cyclohexanol;;;;108-93-0;;1984;50;200;75;300;;
Cyclohexanone;;;;108-94-1;;2006;10;40,8;20;81,6;;
Cyclohexène;;;;110-83-8;;1987;300;1015;;;;
Cyclohexylamine;;;;108-91-8;Risque de pénétration percutanée, Toxique pour la reproduction de catégorie 2;1987;10;40;;;Risque de pénétration percutanée, Toxique pour la reproduction de catégorie 2;
Cyclopentadiène;;;;542-92-7;;1987;75;200;;;;
Cyclopentane;;;;287-92-3;;1987;600;1720;;;;
Cyhexatin;;;;13121-70-5;;1987;;5;;;;
Décaborane;;;;17702-41-9;Risque de pénétration percutanée;1987;0,05;0,3;;;Risque de pénétration percutanée;
Déméton (mélange O + S);;;;8065-48-3;Risque de pénétration percutanée;1987;0,01;0,1;;;Risque de pénétration percutanée;
Déméton-méthyl (mélange O + S);;;;8022-00-2;Risque de pénétration percutanée;1987;;0,5;;;Risque de pénétration percutanée;
Diacétone-alcool;;;;123-42-2;;1987;50;240;;;;
Diacétyle;;;;431-03-8;;2019;0,02;0,07;0,1;0,36;;
Diazinon;;;;333-41-5;Risque de pénétration percutanée;1987;;0,1;;;Risque de pénétration percutanée;
Diborane;;;;19287-45-7;;1987;0,1;0,1;;;;
Dibromodifluorométhane;;;;75-61-6;;1987;100;860;;;;
Dibromure d'éthylène;1,2-dibromoéthane;;;106-93-4;Risque de pénétration percutanée, Cancérogène de catégorie 1B;2021;0,1;0,8;;;Risque de pénétration percutanée, Cancérogène de catégorie 1B;
Dichlorodifluorométhane (F 12);;;;75-71-8;;1987;1000;4950;;;;
Dichlorofluorométhane (F 21);;;;75-43-4;;1987;10;40;;;;
Dichlorométhane;Chlorure de méthylène;;;75-09-2;Cancérogène de catégorie 2,Risque de pénétration percutanée;2012;50;178;100;356;Cancérogène de catégorie 2,Risque de pénétration percutanée;
Dichlorvos;;;;62-73-7;Risque de pénétration percutanée;1987;0,1;1;;;Risque de pénétration percutanée;
Dicrotophos;;;;141-66-2;Risque de pénétration percutanée;1987;;0,25;;;Risque de pénétration percutanée;
Dicyclopentadiène;;;;77-73-6;;1987;5;30;;;;
Dieldrine;;;;60-57-1;Risque de pénétration percutanée, Cancérogène de catégorie 2;1987;;0,25;;;Risque de pénétration percutanée, Cancérogène de catégorie 2;
Diéthanolamine;;;;111-42-2;;1987;3;15;;;;
Diéthion;Ethion;;;563-12-2;Risque de pénétration percutanée;1987;;0,4;;;Risque de pénétration percutanée;
Diéthylamine;;;;109-89-7;;2007;5;15;10;30;;
Diéthylcétone;;;;96-22-0;;1987;200;705;;;;
Diéthylènetriamine;;;;111-40-0;Risques d'allergie cutanée;1986;1;4;;;Risques d'allergie cutanée;
Diisobutylcétone;;;;108-83-8;;1987;25;250;;;;
Diisocyanate de 1,5-naphtylène;;;;3173-72-6;Risques d'allergie respiratoire;1986;0,01;0,095;0,02;0,19;Risques d'allergie respiratoire;La VLEP CT est définie sur une période de référence de 5 minute
Diisocyanate de toluylène;;;;26471-62-5;Risques d'allergie respiratoire, Cancérogène de catégorie 2;1986;0,01;0,08;0,02;0,16;Risques d'allergie respiratoire, Cancérogène de catégorie 2;La VLEP CT est définie sur une période de référence de 5 minute
Diisocyanate d'hexaméthylène;;;;822-06-0;Risques d'allergie respiratoire;1986;0,01;0,075;0,02;0,15;Risques d'allergie respiratoire;La VLEP CT est définie sur une période de référence de 5 minute
Diisocyanate d'hexaméthylène, prépolymères du;;;;;;1993;;;;1;;
Diisocyanate d'isophorone;;;;4098-71-9;Risques d'allergie respiratoire;1986;0,01;0,09;0,02;0,18;Risques d'allergie respiratoire;La VLEP CT est définie sur une période de référence de 5 minute
Diisopropylamine;;;;108-18-9;Risque de pénétration percutanée;1987;5;20;;;Risque de pénétration percutanée;
Diméthylamine;;;;124-40-3;;2006;1;1,9;2;3,8;;
Dinitrate de 1,2-propylèneglycol;;;;6423-43-4;Risque de pénétration percutanée;1987;0,05;0,3;;;Risque de pénétration percutanée;
Dinitrobenzène (tous isomères);;;;25154-54-5;;1984;0,15;1;;;;
Dioxathion;;;;78-34-2;Risque de pénétration percutanée;1987;;0,2;;;Risque de pénétration percutanée;
Dioxyde de carbone;;;;124-38-9;;2007;5000;9000;;;;
Diphénylamine;;;;122-39-4;;1987;;10;;;;
Dipropylcétone;;;;123-19-3;;1987;50;235;;;;
Diquat;;;;85-00-7;;1987;;0,5;;;;
Disulfiram;;;;97-77-8;;1987;;2;;;;
Disulfoton;;;;298-04-4;;1987;;0,1;;;;
Disulfure d'allyle et de propyle;;;;2179-59-1;;1987;2;12;;;;
Diuron;;;;330-54-1;Cancérogène de catégorie 1B;1987;;10;;;Cancérogène de catégorie 1B;
Emissions d'échappement de moteurs Diesel mesurées sous forme de carbone élémentaire;;;;;Les travaux exposant aux émissions d'échappement de moteurs Diesel sont considérés comme cancérogènes (arrêté du 26 octobre 2020 modifié).;2021;;0,05;;;Les travaux exposant aux émissions d'échappement de moteurs Diesel sont considérés comme cancérogènes (arrêté du 26 octobre 2020 modifié).;Pour l'extraction souterraine et le creusement de tunnels la VLEP entre en application le 21 fevrier 2026.
Endosulfan;;;;115-29-7;Risque de pénétration percutanée;1987;;0,1;;;Risque de pénétration percutanée;
Endrine;;;;72-20-8;Risque de pénétration percutanée;1987;;0,1;;;Risque de pénétration percutanée;
Epichlorhydrine;1-Chloro-2,3-époxypropane;;;106-89-8;Cancérogène de catégorie 1B,Risque de pénétration percutanée;2021;;1,9;;;Cancérogène de catégorie 1B,Risque de pénétration percutanée;
Etain (composés organiques d'),en Sn;;;;;Classification de certains composés Toxique pour la reproduction de catégorie 1B dans la 18ième ATP applicable à partir du 1 décembre 2023;1984;;0,1;;0,2;Classification de certains composés Toxique pour la reproduction de catégorie 1B dans la 18ième ATP applicable à partir du 1 décembre 2023;
Ethanethiol;Ethylmercaptan;;;75-08-1;;1985;0,5;1;;;;
Ethanolamine;2-Aminoéthanol;;;141-43-5;Risque de pénétration percutanée;2007;1;2,5;3;7,6;Risque de pénétration percutanée;
Ether diphénylique;Oxyde de biphényle;;;101-84-8;;2019;1;7;2;14;;
Ethylamine;;;;75-04-7;;2007;5;9,4;15;28,2;;
Ethylbenzène;;;;100-41-4;Risque de pénétration percutanée;2007;20;88,4;100;442;Risque de pénétration percutanée;
Ethylène chlorohydrine;Alcool 2-chloroéthylique,2-Chloroéthanol;;;107-07-3;Risque de pénétration percutanée;1987;;;1;3;Risque de pénétration percutanée;
Ethylèneglycol (vapeur);;;;107-21-1;Risque de pénétration percutanée;2004;20;52;40;104;Risque de pénétration percutanée;
Ethylidène norbornène;;;;16219-75-3;;1987;;;5;25;;
Fenchlorphos;;;;299-84-3;;1987;;10;;;;
Fensulfothion;;;;115-90-2;;1987;;0,1;;;;
Fer (oxyde rouge synthétique);;;;;;1987;;10;;;;
Fer (trioxyde de di-,fumées),en Fe;;;;1309-37-1;;1987;;5;;;;
Fer dicyclopentadiényle;;;;102-54-5;;1987;;10;;;;
Fer pentacarbonyle,en Fe;;;;13463-40-6;;1987;0,1;0,8;;;;
Ferbame;;;;14484-64-1;;1987;;10;;;;
Fibres céramiques réfractaires classées cancérogènes;;;;;Cancérogène de catégorie 1B;2007;0,1 fibre.cm-3;;;;Cancérogène de catégorie 1B;
Fibres de laitier;;;;;Cancérogène de catégorie 2 sauf exemption de classification suivant conditions définies par le règlement (CE) 1272/2008 modifié;1996;1 fibre.cm-3;;;;Cancérogène de catégorie 2 sauf exemption de classification suivant conditions définies par le règlement (CE) 1272/2008 modifié;
Fibres de p-aramide;Aramide (fibres de p-);;;;;1996;1 fibre.cm-3;;;;;
Fibres de roche;;;;;Cancérogène de catégorie 2 sauf exemption de classification suivant conditions définies par le règlement (CE) 1272/2008 modifié;1995;1 fibre.cm-3;;;;Cancérogène de catégorie 2 sauf exemption de classification suivant conditions définies par le règlement (CE) 1272/2008 modifié;
Fibres de verre;;;;;Certaines fibres de verre peuvent être classées Cancérogène de catégorie 2 suivant les conditions définies par le règlement (CE) 1272/2008 modifié;1995;1 fibre.cm-3;;;;Certaines fibres de verre peuvent être classées Cancérogène de catégorie 2 suivant les conditions définies par le règlement (CE) 1272/2008 modifié;
Fibres végétales (toutes sortes, non déjà citées par ailleurs);;;;;;1993;;0,5;;;;La VLEP s'applique à la fraction thoracique de l'aérosol
Fluor;;;;7782-41-4;;2004;1;1,58;2;3,16;;
Fluorure de carbonyle;;;;353-50-4;;1987;2;5;;;;
Fluorure d'hydrogène;Acide fluorhydrique;;;7664-39-3;;2007;1,8;1,5;3;2,5;;
Fluorures inorganiques;;;;;;2004;;2,5;;;;
Fonofos;;;;944-22-9;Risque de pénétration percutanée;1987;;0,1;;;Risque de pénétration percutanée;
Formaldéhyde;Aldéhyde formique;;;50-00-0;Cancérogène de catégorie 1B, Mutagène de catégorie 2, La substance peut provoquer une sensibilisation cutanée. Les travaux exposants au formaldéhyde sont considérés comme cancérogènes (arrêté du 26 octobre 2020 modifié).;2020;0,3;0,37;0,6;0,74;Cancérogène de catégorie 1B, Mutagène de catégorie 2, La substance peut provoquer une sensibilisation cutanée. Les travaux exposants au formaldéhyde sont considérés comme cancérogènes (arrêté du 26 octobre 2020 modifié).;
Formamide;;;;75-12-7;Toxique pour la reproduction de catégorie 1B;1987;20;30;;;Toxique pour la reproduction de catégorie 1B;
Formiate de méthyle;;;;107-31-3;Risque de pénétration percutanée;2019;50;125;100;250;Risque de pénétration percutanée;
Formiate d'éthyle;;;;109-94-4;;1987;100;300;;;;
Fumées de soudage (totalité des particules);;;;;;1987;;5;;;;
Fumées de vulcanisation des caoutchoucs, fraction soluble dans le cyclohexane;;;;;;1993;;0,6;;;;
Germanium (tétrahydrure de);;;;7782-65-2;;1987;0,2;0,6;;;;
Glycérine (aérosols de);;;;56-81-5;;1987;;10;;;;
Glycidol;;;;556-52-5;Cancérogène de catégorie 1B,Mutagène de catégorie 2,Toxique pour la reproduction de catégorie 1B;1987;25;75;;;Cancérogène de catégorie 1B,Mutagène de catégorie 2,Toxique pour la reproduction de catégorie 1B;
Graphite;;;;7782-42-5;;1993;;2;;;;La VLEP s'applique à la fraction alvéolaire de l'aérosol
Hafnium;;;;7440-58-6;;1987;;0,5;;;;
Heptachlore;;;;76-44-8;Cancérogène de catégorie 2;1996;0,03;0,5;;;Cancérogène de catégorie 2;
Hexachlorocyclopentadiène;;;;77-47-4;;1987;0,01;0,1;;;;
Hexachloroéthane;;;;67-72-1;;1993;1;;10;;;
Hexachloronaphtalène;;;;1335-87-1;Risque de pénétration percutanée;1987;;0,2;;;Risque de pénétration percutanée;
Hexafluoroacétone;;;;684-16-2;;1987;0,1;0,7;;;;
Hexane (autres isomères);;;;;;1987;500;1800;;;;
Hexogène;Perhydro-1,3,5-trinitro-1,3,5-triazine,Cyclonite,Triméthylène trinitramine;;;121-82-4;Risque de pénétration percutanée;1987;;1,5;;;Risque de pénétration percutanée;
Hexylèneglycol;;;;107-41-5;;1987;;;25;125;;
Huiles minérales qui ont été auparavant utilisées dans des moteurs de combustion interne pour lubrifier et refroidir les pièces mobiles du moteur;;;;;Risque de pénétration percutanée, Les travaux entraînant une exposition cutanée à des huiles minérales qui ont été auparavant utilisées dans des moteurs à combustion interne pour lubrifier et refroidir les pièces mobiles du moteur sont considérés comme cancérogènes (arrêté du 26 octobre 2020 modifié).;2021;;;;;Risque de pénétration percutanée, Les travaux entraînant une exposition cutanée à des huiles minérales qui ont été auparavant utilisées dans des moteurs à combustion interne pour lubrifier et refroidir les pièces mobiles du moteur sont considérés comme cancérogènes (arrêté du 26 octobre 2020 modifié).;Cette entrée ne comporte pas de VLEP mais seulement une mention peau
Hydrazine;;;;302-01-2;Risque de pénétration percutanée,Cancérogène de catégorie 1B, Risques d'allergie cutanée;2020;0,01;0,013;;;Risque de pénétration percutanée,Cancérogène de catégorie 1B, Risques d'allergie cutanée;
Hydrocarbures benzéniques en C9-C12 (vapeurs);;;;;Ces fractions d'hydrocarbure sont classées Cancérogène de catégorie 1A et Mutagène de catégorie 1B sauf si elles contiennent moins de 0,1 % en poids de benzène.;1993;;150;;;Ces fractions d'hydrocarbure sont classées Cancérogène de catégorie 1A et Mutagène de catégorie 1B sauf si elles contiennent moins de 0,1 % en poids de benzène.;Les VLEP fixées pour les hydrocarbures benzéniques nommément désignés restent valable simultanément
Hydrocarbures en C6-C12 (ensemble des,vapeurs).;;;;;Ces fractions d'hydrocarbure sont classées Cancérogène de catégorie 1A et Mutagène de catégorie 1B sauf si elles contiennent moins de 0,1 % en poids de benzène;1993;;1000;;1500;Ces fractions d'hydrocarbure sont classées Cancérogène de catégorie 1A et Mutagène de catégorie 1B sauf si elles contiennent moins de 0,1 % en poids de benzène;Les VLEP fixées pour des hydrocarbures spécifiques restent valable simultanément. Une valeur d'objectif de 500 mg/m3 avait été prévue par la circulaire du 12 juillet 1993, elle devait être réexaminée en 1995 mais ne l'a pas été
Hydrogène antimonié;Stibine,Hydrure d'antimoine;;;7803-52-3;;1983;0,1;0,5;;;;
Hydrogène phosphoré;Phosphine;;;7803-51-2;;2007;0,1;0,14;0,2;0,28;;La VLEP-CT est réglementaire indicative (arrêté du 30/06/2004 modifié)
Hydrogène sélénié;Séléniure de dihydrogène;;;7783-07-5;;2004;0,02;0,07;0,05;0,17;;
Hydrogène sulfuré;Sulfure d'hydrogène;;;7783-06-4;;2012;5;7;10;14;;
Hydroquinone;;;;123-31-9;Cancérogène de catégorie 2, Mutagène de catégorie 2;1987;;2;;;Cancérogène de catégorie 2, Mutagène de catégorie 2;
Indène;;;;95-13-6;;1987;10;45;;;;
Iode;;;;7553-56-2;;1982;;;0,1;1;;
Iodométhane;;;;74-88-4;Cancérogène de catégorie 2;1996;2;12;;;Cancérogène de catégorie 2;
Isocyanate de méthyle;;;;624-83-9;Toxique pour la reproduction de catégorie 2;2012;;;0,02;;Toxique pour la reproduction de catégorie 2;
Isopentane;;;;78-78-4;;2007;1000;3000;;;;
Isophorone;;;;78-59-1;Cancérogène de catégorie 2;1986;;;5;25;Cancérogène de catégorie 2;
Isopropylamine;;;;75-31-0;;1987;5;12;;;;
Kaolin;;;;;;1987;;10;;;;
Lactate de n-butyle;;;;138-22-7;;1987;5;25;;;;
Lin (fibres de);;;;;;1993;;0,2;;;;La VLEP s'applique à la fraction thoracique de l'aérosol
Lithium (hydrure de) fraction inhalable;;;;7580-67-8;;2019;;;;0,02;;
Magnésium (carbonate de);Magnésite,Carbonate de magnésium;;;546-93-0;;1987;;10;;;;
Magnésium (oxyde de),fumées;Oxyde de magnésium;;;1309-48-4;;1987;;10;;;;
Malathion;;;;121-75-5;Risque de pénétration percutanée;1987;;10;;;Risque de pénétration percutanée;
Manganèse cyclopentadiényltricarbonyle,en Mn;;;;12079-65-1;Risque de pénétration percutanée;1987;;0,1;;;Risque de pénétration percutanée;
Manganèse et ses composés fraction alvéolaire exprimé en manganèse;;;;;;2019;;0,05;;;;
Manganèse et ses composés fraction inhalable exprimé en manganèse;;;;;;2019;;0,2;;;;
Manganèse méthylcyclopentadiényltricarbonyle,en Mn;;;;12108-13-3;Risque de pénétration percutanée;1987;;0,2;;;Risque de pénétration percutanée;
Mélanges d'hydrocarbures aromatiques polycycliques, en particulier ceux contenant du benzo[a]pyrène;;;;;Risque de pénétration percutanée, Certains de ces composées sont classés Cancérogène de catégorie 1A, Cancérogène de catégorie 1B ou Cancérogène de catégorie 2. Les travaux exposant aux hydrocarbures polycycliques aromatiques présents dans la suie, le goudron, la poix, la fumée ou les poussières de la houille sont considérés comme cancérogènes (arrêté du 26 octobre 2020 modifié).;2021;;;;;Risque de pénétration percutanée, Certains de ces composées sont classés Cancérogène de catégorie 1A, Cancérogène de catégorie 1B ou Cancérogène de catégorie 2. Les travaux exposant aux hydrocarbures polycycliques aromatiques présents dans la suie, le goudron, la poix, la fumée ou les poussières de la houille sont considérés comme cancérogènes (arrêté du 26 octobre 2020 modifié).;Cette entrée ne comporte pas de VLEP mais seulement une mention peau
Mercure (composés alkylés),en Hg;;;;;Risque de pénétration percutanée;1987;;0,01;;;Risque de pénétration percutanée;
Mercure (composés arylés et inorganiques);;;;;Risque de pénétration percutanée;1987;;0,1;;;Risque de pénétration percutanée;
Mercure et composés inorganiques bivalents du mercure, y compris l'oxyde de mercure et le chlorure de mercurique;;;;;Certains ou tous ces composées sont classés (Mutagène de catégorie 1A, Mutagène de catégorie 1B ou Mutagène de catégorie 2) et (Toxique pour la reproduction de catégorie 1A, Toxique pour la reproduction de catégorie 1B ou Toxique pour la reproduction de catégorie 2);2012;;0,02;;;Certains ou tous ces composées sont classés (Mutagène de catégorie 1A, Mutagène de catégorie 1B ou Mutagène de catégorie 2) et (Toxique pour la reproduction de catégorie 1A, Toxique pour la reproduction de catégorie 1B ou Toxique pour la reproduction de catégorie 2);
Méthacrylate de méthyle;;;;80-62-6;;2012;50;205;100;410;;
Méthanethiol;Méthylmercaptan;;;74-93-1;;1985;0,5;1;;;;
Méthanol;Alcool méthylique;;;67-56-1;Risque de pénétration percutanée;2007;200;260;1000;1300;Risque de pénétration percutanée;La VLEP CT n'est pas réglementaire et provient d'une circulaire du ministère chargé du travail
Méthomyl;;;;16752-77-5;Risque de pénétration percutanée;1987;;2,5;;;Risque de pénétration percutanée;
Méthoxychlore;;;;72-43-5;;1987;;10;;;;
Méthylacrylonitrile;;;;126-98-7;Risque de pénétration percutanée;1987;1;3;;;Risque de pénétration percutanée;
Méthylal;Diméthoxyméthane;;;109-87-5;;1987;1000;3100;;;;
Méthylamine;;;;74-89-5;Risque d'allergie;1982;;;10;12;Risque d'allergie;
Méthylcyclohexane;;;;108-87-2;;1987;400;1600;;;;
Méthylcyclohexanol;;;;25639-42-3;;1987;50;235;;;;
Méthyléthylcétone;2-Butanone;;;78-93-3;Risque de pénétration percutanée;2007;200;600;300;900;Risque de pénétration percutanée;
Méthylhydrazine;;;;60-34-4;Cancérogène de catégorie 1B;1983;0,2;0,35;;;Cancérogène de catégorie 1B;
Méthylisoamylcétone;5-Méthyl-2-hexanone;;;110-12-3;Risque de pénétration percutanée;2004;20;95;100;475;Risque de pénétration percutanée;
Méthylisobutylcétone;4-Méthyl-2-pentanone;;;108-10-1;Cancérogène de catégorie 2;2006;20;83;50;208;Cancérogène de catégorie 2;
Méthylisopropylcétone;;;;563-80-4;;1987;200;705;;;;
Méthyl-n-amylcétone;2-Heptanone;;;110-43-0;Risque de pénétration percutanée;2007;50;238;100;475;Risque de pénétration percutanée;
Méthyl-n-propylcétone;;;;107-87-9;;1987;200;705;;;;
Métribuzine;;;;21087-64-9;;1987;;5;;;;
Mévinphos;;;;7786-34-7;Risque de pénétration percutanée;1987;0,01;0,1;;;Risque de pénétration percutanée;
m-Nitrotoluène;;;;99-08-1;Risque de pénétration percutanée;1987;2;11;;;Risque de pénétration percutanée;
Molybdène (composés solubles),en Mo;;;;;;1984;;5;;10;;
Monocrotophos;;;;6923-22-4;Mutagène de catégorie 2;1987;;0,25;;;Mutagène de catégorie 2;
Monoxyde de carbone;Oxyde de carbone;;;630-08-0;Toxique pour la reproduction de catégorie 1A. Possibilité d'une atteinte auditive en cas de co-exposition au bruit.;2019;20;23;100;117;Toxique pour la reproduction de catégorie 1A. Possibilité d'une atteinte auditive en cas de co-exposition au bruit.;
Morpholine;;;;110-91-8;;2007;10;36;20;72;;
m-Phtalodinitrile;;;;626-17-5;;1987;;5;;;;
m-Xylène;;;;108-38-3;Risque de pénétration percutanée;2007;50;221;100;442;Risque de pénétration percutanée;
m-Xylène-?,?'-diamine;m-phénylènebis(méthylamine),1,3-phénylènediméthanamine;;;1477-55-0;;1987;;;;0,1;;
N,N-Dibutylaminoéthanol;;;;102-81-8;Risque de pénétration percutanée;1987;2;14;;;Risque de pénétration percutanée;
N,N-Diméthylacétamide;;;;127-19-5;Risque de pénétration percutanée, Toxique pour la reproduction de catégorie 1B;2006;2;7,2;10;36;Risque de pénétration percutanée, Toxique pour la reproduction de catégorie 1B;
N,N-Diméthylaniline;;;;121-69-7;Risque de pénétration percutanée, Cancérogène de catégorie 2;1987;5;25;;;Risque de pénétration percutanée, Cancérogène de catégorie 2;
N,N-Diméthyléthylamine;;;;598-56-1;;1984;5;15;25;75;;
N,N-Diméthylformamide;;;;68-12-2;Risque de pénétration percutanée, Toxique pour la reproduction de catégorie 1B;2012;5;15;10;30;Risque de pénétration percutanée, Toxique pour la reproduction de catégorie 1B;
Naled;;;;300-76-5;Risque de pénétration percutanée;1987;;3;;;Risque de pénétration percutanée;
Naphtalène;;;;91-20-3;Cancérogène de catégorie 2;1983;10;50;;;Cancérogène de catégorie 2;
n-Butane;;;;106-97-8;;1987;800;1900;;;;
n-Butylamine;;;;109-73-9;Risque d'allergie;1982;;;5;15;Risque d'allergie;
Néopentane;;;;463-82-1;;2004;1000;3000;;;;
N-Ethylmorpholine;;;;100-74-3;Risque de pénétration percutanée;1987;5;23;;;Risque de pénétration percutanée;
n-Heptane;;;;142-82-5;;2007;400;1668;500;2085;;
n-Hexane;;;;110-54-3;Toxique pour la reproduction de catégorie 2;2007;20;72;;;Toxique pour la reproduction de catégorie 2;
Nickel (carbonate de),en Ni;;;;3333-67-3;Cancérogène de catégorie 1A,Mutagène de catégorie 2,Toxique pour la reproduction de catégorie 1B;1995;;;;;Cancérogène de catégorie 1A,Mutagène de catégorie 2,Toxique pour la reproduction de catégorie 1B;VLEP supprimee suite a la publication du decret 2024-307 du 4 avril 2024. Voir desormais les entrees : Composes du Nickel Exprimes en Nickel (fraction alveolaire) et Composes du Nickel Exprimes en Nickel (fraction inhalable).
Nickel (dihydroxyde de),en Ni;;;;12054-48-7;Cancérogène de catégorie 1A,Mutagène de catégorie 2,Toxique pour la reproduction de catégorie 1B;1995;;;;;Cancérogène de catégorie 1A,Mutagène de catégorie 2,Toxique pour la reproduction de catégorie 1B;VLEP supprimee suite a la publication du decret 2024-307 du 4 avril 2024. Voir desormais les entrees : Composes du Nickel Exprimes en Nickel (fraction alveolaire) et Composes du Nickel Exprimes en Nickel (fraction inhalable).
Nickel (disulfure de tri),en Ni;;;;12035-72-2;Cancérogène de catégorie 1A,Mutagène de catégorie 2;1995;;;;;Cancérogène de catégorie 1A,Mutagène de catégorie 2;VLEP supprimee suite a la publication du decret 2024-307 du 4 avril 2024. Voir desormais les entrees : Composes du Nickel Exprimes en Nickel (fraction alveolaire) et Composes du Nickel Exprimes en Nickel (fraction inhalable).
Nickel (grillage des mattes),en Ni;;;;;Les travaux exposant aux poussières, fumées ou brouillards produits lors du grillage et de l'électroraffinage des mattes de nickel sont considérés comme cancérogènes (arrêté du 26 octobre 2020 modifié).;1985;;;;;Les travaux exposant aux poussières, fumées ou brouillards produits lors du grillage et de l'électroraffinage des mattes de nickel sont considérés comme cancérogènes (arrêté du 26 octobre 2020 modifié).;VLEP supprimee suite a la publication du decret 2024-307 du 4 avril 2024. Voir desormais les entrees : Composes du Nickel Exprimes en Nickel (fraction alveolaire) et Composes du Nickel Exprimes en Nickel (fraction inhalable).
Nickel (métal);;;;7440-02-0;Cancérogène de catégorie 2;1987;;1;;;Cancérogène de catégorie 2;
Nickel (oxyde de),en Ni;;;;1313-99-1;Cancérogène de catégorie 1A;1995;;;;;Cancérogène de catégorie 1A;VLEP supprimee suite a la publication du decret 2024-307 du 4 avril 2024. Voir desormais les entrees : Composes du Nickel Exprimes en Nickel (fraction alveolaire) et Composes du Nickel Exprimes en Nickel (fraction inhalable).
Nickel (sulfate de),en Ni;;;;7786-81-4;Cancérogène de catégorie 1A,Mutagène de catégorie 2,Toxique pour la reproduction de catégorie 1B;1995;;;;;Cancérogène de catégorie 1A,Mutagène de catégorie 2,Toxique pour la reproduction de catégorie 1B;VLEP supprimee suite a la publication du decret 2024-307 du 4 avril 2024. Voir desormais les entrees : Composes du Nickel Exprimes en Nickel (fraction alveolaire) et Composes du Nickel Exprimes en Nickel (fraction inhalable).
Nickel (sulfure de),en Ni;;;;16812-54-7;Cancérogène de catégorie 1A,Mutagène de catégorie 2;1995;;;;;Cancérogène de catégorie 1A,Mutagène de catégorie 2;VLEP supprimee suite a la publication du decret 2024-307 du 4 avril 2024. Voir desormais les entrees : Composes du Nickel Exprimes en Nickel (fraction alveolaire) et Composes du Nickel Exprimes en Nickel (fraction inhalable).
Nickel (trioxyde de),en Ni;;;;1314-06-3;Cancérogène de catégorie 1A;1995;;;;;Cancérogène de catégorie 1A;VLEP supprimee suite a la publication du decret 2024-307 du 4 avril 2024. Voir desormais les entrees : Composes du Nickel Exprimes en Nickel (fraction alveolaire) et Composes du Nickel Exprimes en Nickel (fraction inhalable).
Nickel tétracarbonyle;;;;13463-39-3;Cancérogène de catégorie 2,Toxique pour la reproduction de catégorie 1B;1995;0,05;0,12;;;Cancérogène de catégorie 2,Toxique pour la reproduction de catégorie 1B;Il existe egalement des VLEP reglementaires contraignantes pour : Composes du Nickel Exprimes en Nickel (fraction alveolaire) et Composes du Nickel Exprimes en Nickel (fraction inhalable). Cependant, le tetracarbonyle de nickel est a temperature ambiante un liquide semi-volatile, une phase vapeur sera donc presente dans l'air.
Nicotine;;;;54-11-5;Risque de pénétration percutanée;2007;;0,5;;;Risque de pénétration percutanée;
N-Isopropylaniline;;;;768-52-5;Risque de pénétration percutanée;1987;2;10;;;Risque de pénétration percutanée;
Nitrapyrine;;;;1929-82-4;;1987;;10;;;;
Nitrate de n-propyle;;;;627-13-4;;1987;25;105;;;;
Nitrobenzène;;;;98-95-3;Cancérogène de catégorie 2,Toxique pour la reproduction de catégorie 1B, Risque de pénétration percutanée;2007;0,2;1;;;Cancérogène de catégorie 2,Toxique pour la reproduction de catégorie 1B, Risque de pénétration percutanée;
Nitroéthane;;;;79-24-3;Risque de pénétration percutanée;2019;20;62;100;312;Risque de pénétration percutanée;
Nitroglycol;Dinitrate d'éthylène;;;628-96-6;Risque de pénétration percutanée;1995;0,17;1;;;Risque de pénétration percutanée;La VLEP ne tient pas compte du risque de céphalées
Nitrométhane;;;;75-52-5;;1987;100;250;;;;
N-méthyl-2-pyrrolidone;;;;872-50-4;Risque de pénétration percutanée, Toxique pour la reproduction de catégorie 1B;2012;10;40;20;80;Risque de pénétration percutanée, Toxique pour la reproduction de catégorie 1B;
N-Méthylaniline;;;;100-61-8;Risque de pénétration percutanée;1987;0,5;2;;;Risque de pénétration percutanée;
n-Nonane;;;;111-84-2;;1987;200;1050;;;;
n-Octane;;;;111-65-9;;1987;300;1450;;;;
Noir de carbone;;;;1333-86-4;;1987;;3,5;;;;
n-Pentane;;;;109-66-0;;2007;1000;3000;;;;
N-Vinylpyrrolidinone;;;;88-12-0;Cancérogène de catégorie 2;1993;0,1;;;;Cancérogène de catégorie 2;
o-Anisidine;;;;90-04-0;Cancérogène de catégorie 1B,Mutagène de catégorie 2,Risque de pénétration percutanée;1987;0,1;0,5;;;Cancérogène de catégorie 1B,Mutagène de catégorie 2,Risque de pénétration percutanée;
o-Chlorobenzylidène malononitrile;;;;2698-41-1;Risque de pénétration percutanée;1987;;;0,05;0,4;Risque de pénétration percutanée;
o-Chlorostyrène;;;;2039-87-4;;1987;50;285;;;;
o-Chlorotoluène;;;;95-49-8;;1987;50;250;;;;
Octachloronaphtalène;;;;2234-13-1;Risque de pénétration percutanée;1987;;0,1;;;Risque de pénétration percutanée;
Orthosilicate de tétraéthyle;Silicate d'éthyle;;;78-10-4;;2019;5;44;;;;
o-sec-Butylphénol;;;;89-72-5;Risque de pénétration percutanée;1987;5;30;;;Risque de pénétration percutanée;
Osmium (tétroxyde d'),en Os;;;;20816-12-0;;1987;0,0002;0,002;;;;
o-Toluidine;;;;95-53-4;Risque de pénétration percutanée, Cancérogène de catégorie 1B;2020;0,1;0,5;;;Risque de pénétration percutanée, Cancérogène de catégorie 1B;
Oxyde d'allyle et de glycidyle;;;;106-92-3;Risque de pénétration percutanée, Cancérogène de catégorie 2,Mutagène de catégorie 2,Toxique pour la reproduction de catégorie 2;1987;5;22;;;Risque de pénétration percutanée, Cancérogène de catégorie 2,Mutagène de catégorie 2,Toxique pour la reproduction de catégorie 2;
Oxyde de 2,2'-dichlorodiéthyle;;;;111-44-4;Risque de pénétration percutanée, Cancérogène de catégorie 2;1987;5;30;;;Risque de pénétration percutanée, Cancérogène de catégorie 2;
Oxyde de biphényle chloré;;;;55720-99-5;;1987;;0,5;;;;
Oxyde de diéthyle;;;;60-29-7;;2007;100;308;200;616;;
Oxyde de diglycidyle;;;;2238-07-5;;1987;0,1;0,5;;;;
Oxyde de diisopropyle;;;;108-20-3;;1987;250;1050;;;;
Oxyde de diméthyle;;;;115-10-6;;2004;1000;1920;;;;
Oxyde de glycidyle et de phényle;;;;122-60-1;Cancérogène de catégorie 1B,Mutagène de catégorie 2;1987;1;6;;;Cancérogène de catégorie 1B,Mutagène de catégorie 2;
Oxyde de glycidyle et d'isopropyle;Oxyde de 2,3-époxypropyle et d'isopropyle;;;4016-14-2;Toxique pour la reproduction de catégorie 1B (23ème ATP est applicable à partir du 1er février 2027);1987;50;240;;;Toxique pour la reproduction de catégorie 1B (23ème ATP est applicable à partir du 1er février 2027);
Oxyde de mésityle;;;;141-79-7;;1987;15;60;;;;
Oxyde de n-butyle et de glycidyle;;;;2426-08-6;Cancérogène de catégorie 2,Mutagène de catégorie 2;1987;25;135;;;Cancérogène de catégorie 2,Mutagène de catégorie 2;
Oxyde de tert-butyle et de méthyle;;;;1634-04-4;;2012;50,0;183,5;100;367;;
Oxyde debis (chlorométhyle);;;;542-88-1;Cancérogène de catégorie 1A;1985;0,001;0,005;;;Cancérogène de catégorie 1A;
Oxyde d'éthylène;;;;75-21-8;Risque de pénétration percutanée,Cancérogène de catégorie 1B,Mutagène de catégorie 1B,Toxique pour la reproduction de catégorie 1B;2020;1,0;1,8;;;Risque de pénétration percutanée,Cancérogène de catégorie 1B,Mutagène de catégorie 1B,Toxique pour la reproduction de catégorie 1B;
o-Xylène;;;;95-47-6;Risque de pénétration percutanée;2007;50;221;100;442;Risque de pénétration percutanée;
Ozone;;;;10028-15-6;Cancérogène de catégorie 2, Mutagène de catégorie 2 (23ème ATP est applicable à partir du 1er février 2027);1982;0,1;0,2;0,2;0,4;Cancérogène de catégorie 2, Mutagène de catégorie 2 (23ème ATP est applicable à partir du 1er février 2027);
p-Anisidine;;;;104-94-9;Risque de pénétration percutanée;1987;0,1;0,5;;;Risque de pénétration percutanée;
Paraffine (cire de),fumée;;;;8002-74-2;;1987;;2;;;;
Paraquat;;;;4685-14-7;;1987;;0,1;;;;
Parathion;;;;56-38-2;Risque de pénétration percutanée;1987;;0,1;;;Risque de pénétration percutanée;
Parathion-méthyle;;;;298-00-0;Risque de pénétration percutanée;1987;;0,2;;;Risque de pénétration percutanée;
p-Benzoquinone;P-Quinone;;;106-51-4;;1984;0,1;0,4;0,3;1,5;;
Pentaborane;;;;19624-22-7;;1987;0,005;0,01;;;;
Pentachloronaphtalène;;;;1321-64-8;;1987;;0,5;;;;
Pentachlorophénol;;;;87-86-5;Risque de pénétration percutanée, Cancérogène de catégorie 2, Risques d'allergie cutanée;1986;;0,5;;;Risque de pénétration percutanée, Cancérogène de catégorie 2, Risques d'allergie cutanée;
Pentachlorophénol (sels du);;;;;Risque de pénétration percutanée, Cancérogène de catégorie 2, Risques d'allergie cutanée;1996;;0,5;;;Risque de pénétration percutanée, Cancérogène de catégorie 2, Risques d'allergie cutanée;
Pentaérythritol;;;;115-77-5;;1987;;10;;;;
Perchloroéthylène;Tétrachloroéthylène;;;127-18-4;Risque de pénétration percutanée, Cancérogène de catégorie 2;2012;20;138;40;275;Risque de pénétration percutanée, Cancérogène de catégorie 2;
Perchlorométhanethiol;;;;594-42-3;;1987;0,1;0,8;;;;
Perchloryle (fluorure de);;;;7616-94-6;;1987;3;14;;;;
Peroxyde de dibenzoyle;;;;94-36-0;;1987;;5;;;;
Peroxyde de méthyléthylcétone;;;;1338-23-4;;1987;;;0,2;1,5;;
Peroxyde d'hydrogène;Eau oxygèné;;;7722-84-1;;1987;1;1,5;;;;
Phénamiphos;;;;22224-92-6;Risque de pénétration percutanée;1987;;0,1;;;Risque de pénétration percutanée;
Phénol;;;;108-95-2;Risque de pénétration percutanée, Mutagène de catégorie 2;2007;2;7,8;4;15,6;Risque de pénétration percutanée, Mutagène de catégorie 2;
Phénothiazine;;;;92-84-2;Risque de pénétration percutanée;1987;;5;;;Risque de pénétration percutanée;
Phénylphosphine;;;;638-21-1;;1987;;;0,05;0,25;;
Phénylthiophosphonate de O-éthyle et de O-4-nitrophényle;;;;2104-64-5;Risque de pénétration percutanée;1987;;0,5;;;Risque de pénétration percutanée;
Phorate;;;;298-02-2;Risque de pénétration percutanée;1987;;0,05;;;Risque de pénétration percutanée;
Phosgène;;;;75-44-5;;2007;0,02;0,08;0,1;0,4;;
Phosphate de dibutyle;;;;107-66-4;;1987;1;5;;;;
Phosphate de tributyle;;;;126-73-8;Cancérogène de catégorie 2;1987;0,2;2,5;;;Cancérogène de catégorie 2;
Phosphate de tri-o-crésyle;;;;78-30-8;Risque de pénétration percutanée;1987;;0,1;;;Risque de pénétration percutanée;
Phosphate de triphényle;;;;115-86-6;;1987;;3;;;;
Phosphite de triméthyle;;;;121-45-9;;1987;2;10;;;;
Phosphore (pentachlorure de);;;;10026-13-8;;2007;;1;;;;
Phosphore (pentaoxyde de di-);;;;1314-56-3;;2007;;1;;;;
Phosphore (pentasulfure de di-);;;;1314-80-3;;2007;;1;;;;
Phosphore (trichlorure de);;;;7719-12-2;;1987;0,2;1,5;;;;
Phosphore blanc;;;;12185-10-3;;1983;;0,1;;0,3;;
Phtalate de di(2-éthylhexyle);;;;117-81-7;Toxique pour la reproduction de catégorie 1B;1987;;5;;;Toxique pour la reproduction de catégorie 1B;
Phtalate de dibutyle;;;;84-74-2;Toxique pour la reproduction de catégorie 1B;1987;;5;;;Toxique pour la reproduction de catégorie 1B;
Phtalate de diéthyle;;;;84-66-2;;1987;;5;;;;
Phtalate de diméthyle;;;;131-11-3;;1987;;5;;;;
Piclorame;;;;1918-02-1;;1987;;10;;;;
Pipérazine (dichlorhydrate de);;;;142-64-3;Toxique pour la reproduction de catégorie 2;1987;;5;;;Toxique pour la reproduction de catégorie 2;
Pipérazine (poussières et vapeurs);;;;110-85-0;Toxique pour la reproduction de catégorie 2;2004;;0,1;;0,3;Toxique pour la reproduction de catégorie 2;
Pivaldione;Pindone;;;83-26-1;;1987;;0,1;;;;
Platine (métal);;;;7440-06-4;;1987;;1;;;;
Plomb métallique et composés,en Pb;;;;;Certains ou tous ces composées sont classés (Cancérogène de catégorie 1A, Cancérogène de catégorie 1B ou Cancérogène de catégorie 2) et (Toxique pour la reproduction de catégorie 1A, Toxique pour la reproduction de catégorie 1B ou Toxique pour la reproduction de catégorie 2);2004;;0,1;;;Certains ou tous ces composées sont classés (Cancérogène de catégorie 1A, Cancérogène de catégorie 1B ou Cancérogène de catégorie 2) et (Toxique pour la reproduction de catégorie 1A, Toxique pour la reproduction de catégorie 1B ou Toxique pour la reproduction de catégorie 2);
Plomb tétraéthyle,en Pb;;;;78-00-2;Risque de pénétration percutanée, Toxique pour la reproduction de catégorie 1A;1987;;0,1;;;Risque de pénétration percutanée, Toxique pour la reproduction de catégorie 1A;
Plomb tétraméthyle,en Pb;;;;75-74-1;Risque de pénétration percutanée, Toxique pour la reproduction de catégorie 1A;1987;;0,15;;;Risque de pénétration percutanée, Toxique pour la reproduction de catégorie 1A;
Potassium (cyanure de) exprimé en cyanure;Cyanures de potassium;;;151-50-8;Risque de pénétration percutanée;2019;;1;;5;Risque de pénétration percutanée;
Potassium (hydroxyde de);;;;1310-58-3;;1987;;;;2;;
Poussières alvéolaires (lieux extérieurs des mines et carrières);;;;;;2013;;5;;;;Cette valeur s'applique aux lieux de travail extérieurs des mines et carrières (Décret 2013-797 du 30 août 2013 modifié). 
Poussières totales (locaux à pollution spécifique);;;;;;2021;;4;;;;Cette concentration est reglementaire en application de l'article R. 4222-10 du Code du travail, elle s'applique a l'interieur des locaux a pollution specifique.
Poussières alvéolaires (locaux à pollution spécifique);;;;;;2021;;0,9;;;;Cette concentration est reglementaire en application de l'article R. 4222-10 du Code du travail, elle s'applique a l'interieur des locaux a pollution specifique.
p-Phénylènediamine;;;;106-50-3;Risque de pénétration percutanée,Risques d'allergie cutanée;1986;;0,1;;;Risque de pénétration percutanée,Risques d'allergie cutanée;
Propoxur;;;;114-26-1;;1987;;0,5;;;;
Propyne;;;;74-99-7;;1987;1000;1650;;;;
p-tert-Butyltoluène;;;;98-51-1;;1987;10;60;;;;
p-Xylène;;;;106-42-3;Risque de pénétration percutanée;2007;50;221;100;442;Risque de pénétration percutanée;
Pyrèthre (après suppression des lactones sensibilisantes);;;;8003-34-7;;2007;;1;;;;
Pyridine;;;;110-86-1;;1983;5;15;10;30;;
Pyrocatéchol;Catéchol;;;120-80-9;Cancérogène de catégorie 1B, Mutagène de catégorie 2;1987;5;20;;;Cancérogène de catégorie 1B, Mutagène de catégorie 2;
Pyrophosphate tétrasodique;;;;7722-88-5;;1987;;5;;;;
Résorcinol;;;;108-46-3;Risque de pénétration percutanée;2007;10;45;;;Risque de pénétration percutanée;
Rhodium (métal);;;;7440-16-6;;1987;;1;;;;
Saccharose;;;;57-50-1;;1987;;10;;;;
Sélénium (hexafluorure de),en Se;;;;7783-79-1;;1987;0,05;0,2;;;;
Silicate de méthyle;;;;681-84-5;;1987;1;6;;;;
Silice cristalline (fraction alvéolaire de cristobalite);Cristobalite;;;14464-46-1;Les travaux exposant à la poussière de silice cristalline alvéolaire issue de procédés de travail sont considérés comme cancérogènes (arrêté du 26 octobre 2020 modifié).;1997;;0,05;;;Les travaux exposant à la poussière de silice cristalline alvéolaire issue de procédés de travail sont considérés comme cancérogènes (arrêté du 26 octobre 2020 modifié).;Forme de silice cristalline. Voir §2.3.4 de l'ED 6443.
Silice cristalline (fraction alvéolaire de tridymite);Tridymite;;;15468-32-3;Les travaux exposant à la poussière de silice cristalline alvéolaire issue de procédés de travail sont considérés comme cancérogènes (arrêté du 26 octobre 2020 modifié).;1997;;0,05;;;Les travaux exposant à la poussière de silice cristalline alvéolaire issue de procédés de travail sont considérés comme cancérogènes (arrêté du 26 octobre 2020 modifié).;Forme de silice cristalline. Voir §2.3.4 de l'ED 6443.
Silice cristalline (fraction alvéolaire dont le quartz à l'exeption des fractions alvéolaires de cristobalite et de tridymite);Quartz;;;14808-60-7;Les travaux exposant à la poussière de silice cristalline alvéolaire issue de procédés de travail sont considérés comme cancérogènes (arrêté du 26 octobre 2020 modifié).;1997;;0,1;;;Les travaux exposant à la poussière de silice cristalline alvéolaire issue de procédés de travail sont considérés comme cancérogènes (arrêté du 26 octobre 2020 modifié).;Forme de silice cristalline. Voir §2.3.4 de l'ED 6443.
Silicium;;;;7440-21-3;;1987;;10;;;;
Silicium (carbure de);;;;409-21-2;La classification Cancérogène de catégorie 1B s'applique aux fibres de carbure de silicium avec un diamètre inférieur à 3µm, une longueur supérieure à 5µm et un rapport  longueur sur diamètre supérieur ou égal à 3.;1987;;10;;;La classification Cancérogène de catégorie 1B s'applique aux fibres de carbure de silicium avec un diamètre inférieur à 3µm, une longueur supérieure à 5µm et un rapport  longueur sur diamètre supérieur ou égal à 3.;
Silicium (tétrahydrure de);;;;7803-62-5;;1987;5;7;;;;
Sodium (2-(2,4-dichlorophénoxy)-éthylsulfate de);;;;;;1987;;10;;;;
Sodium (bisulfite de);;;;7631-90-5;;1987;;5;;;;
sodium (cyanure de) exprimé en cyanure;Cyanures de sodium;;;143-33-9;Risque de pénétration percutanée;2019;;1;;5;Risque de pénétration percutanée;
Sodium (fluoroacétate de);;;;62-74-8;Risque de pénétration percutanée;1987;;0,05;;;Risque de pénétration percutanée;
Sodium (fluorure de),en F;Fluorure de sodium;;;7681-49-4;;1983;;2;;;;
Sodium (hydroxyde de);Hydroxyde de sodium;;;1310-73-2;;1985;;2;;;;
Sodium (métabisulfite de);Métabisulfite de sodium;;;7681-57-4;;1987;;5;;;;
Sodium (tétraborate de,anhydre);Tétraborate de sodium anhydre;;;1330-43-4;Toxique pour la reproduction de catégorie 1B;1987;;1;;;Toxique pour la reproduction de catégorie 1B;
Sodium (tétraborate,décahydraté);Tétraborate de sodium décahydraté;;;1303-96-4;Toxique pour la reproduction de catégorie 1B;1987;;5;;;Toxique pour la reproduction de catégorie 1B;
Sodium (tétraborate,pentahydraté);Tétraborate de sodium pentahydraté;;;12179-04-3;Toxique pour la reproduction de catégorie 1B;1987;;1;;;Toxique pour la reproduction de catégorie 1B;
Soufre (dioxyde de);Anhydride sulfureux,Dioxyde de soufre;;;7446-09-5;;2019;0,5;1,3;1;2,7;;
Soufre (hexafluorure de);Hexafluorure de soufre;;;2551-62-4;;1987;1000;6000;;;;
Strychnine;;;;57-24-9;;1987;;0,15;;;;
Styrène;;;;100-42-5;Toxique pour la reproduction de catégorie 2,Risque de pénétration percutanée, Possibilité d'une atteinte auditive en cas de co-exposition au bruit;2016;23,3;100;46,6;200;Toxique pour la reproduction de catégorie 2,Risque de pénétration percutanée, Possibilité d'une atteinte auditive en cas de co-exposition au bruit;
Sulfate de diméthyle;;;;77-78-1;Cancérogène de catégorie 1B,Mutagène de catégorie 2;1986;0,1;0,5;;;Cancérogène de catégorie 1B,Mutagène de catégorie 2;
Sulfotep;;;;3689-24-5;Risque de pénétration percutanée;2007;;0,1;;;Risque de pénétration percutanée;
Sulfure de carbone;Disulfure de carbone;;;75-15-0;Toxique pour la reproduction de catégorie 2, Risque de pénétration percutanée;2012;5;15;25;75;Toxique pour la reproduction de catégorie 2, Risque de pénétration percutanée;La VLEP CT n'est pas réglementaire et provient d'une circulaire du ministère chargé du travail
Sulfuryle (fluorure de);Fluorure de sulfuryle;;;2699-79-8;;1987;5;20;;;;
Sulprofos;;;;35400-43-2;;1987;;1;;;;
Tantale (métal);;;;7440-25-7;;1987;;5;;;;
Tellure (hexafluorure de),en Te;;;;7783-80-4;;1987;0,02;0,2;;;;
Tellure et composés (sauf hexafluorure), en Te;;;;;Classification de certains composés Toxique pour la reproduction de catégorie 1B dans la 18ième ATP applicable à partir du 1 décembre 2023;1984;;0,1;;;Classification de certains composés Toxique pour la reproduction de catégorie 1B dans la 18ième ATP applicable à partir du 1 décembre 2023;
Téméphos;;;;3383-96-8;;1987;;10;;;;
TEPP;Pyrophosphate de tétraéthyle,Diphosphate de tétraéthyle;;;107-49-3;Risque de pénétration percutanée;1987;0,004;0,05;;;Risque de pénétration percutanée;
Térébenthine;;;;8006-64-2;;1987;100;560;;;;
Terphényles;;;;26140-60-3;;1987;;;0,5;5;;
Terphényles hydrogénés;;;;61788-32-7;;2019;2;19;5;48;;
Terphényles hydrogénés (hexahydroterphényle);;;;37275-59-5;;1987;0,5;5;;;;
Tétrabromométhane;Tétrabromure de carbone;;;558-13-4;;1987;0,1;1,4;;;;
Tétrachlorométhane;Tétrachlorure de carbone;;;56-23-5;Cancérogène de catégorie 2, Risque de pénétration percutanée;2019;1;6,4;5;32;Cancérogène de catégorie 2, Risque de pénétration percutanée;
Tétrachloronaphtalène;;;;1335-88-2;;1987;;2;;;;
Tétrahydrofurane;;;;109-99-9;Cancérogène de catégorie 2, Risque de pénétration percutanée;2007;50;150;100;300;Cancérogène de catégorie 2, Risque de pénétration percutanée;
Tétraméthylsuccinonitrile;;;;3333-52-6;Risque de pénétration percutanée;1987;0,5;3;;;Risque de pénétration percutanée;
Tétranitrométhane;;;;509-14-8;;1987;1;8;;;;
Tétryl;2,4,6-Trinitrophénylméthyl nitramine;;;479-45-8;Risque de pénétration percutanée;1987;;1,5;;;Risque de pénétration percutanée;
Thallium;;;;7440-28-0;;1983;;0,1;;;;
Thiophénol;;;;108-98-5;;1987;0,5;2;;;;
Thirame;;;;137-26-8;;1987;;5;;;;
Titane (dioxyde de),en Ti;Dioxyde de titane;;;13463-67-7;;1987;;10;;;;
Toluène;;;;108-88-3;Toxique pour la reproduction de catégorie 2, Risque de pénétration percutanée, Possibilité d'une atteinte auditive en cas de co-exposition au bruit.;2012;20;76,8;100;384;Toxique pour la reproduction de catégorie 2, Risque de pénétration percutanée, Possibilité d'une atteinte auditive en cas de co-exposition au bruit.;
Tribromométhane;Bromoforme;;;75-25-2;Risque de pénétration percutanée;1987;0,5;5;;;Risque de pénétration percutanée;
Trichloroéthylène;;;;79-01-6;Cancérogène de catégorie 1B,Mutagène de catégorie 2,Risque de pénétration percutanée;2021;10;54,7;30;164,1;Cancérogène de catégorie 1B,Mutagène de catégorie 2,Risque de pénétration percutanée;
Trichlorofluorométhane (F 11);;;;75-69-4;;1987;;;1000;5600;;
Trichlorométhane;Chloroforme;;;67-66-3;Risque de pénétration percutanée, Cancérogène de catégorie 2,Toxique pour la reproduction de catégorie 2;2007;2;10;50;250;Risque de pénétration percutanée, Cancérogène de catégorie 2,Toxique pour la reproduction de catégorie 2;La VLEP CT n'est pas réglementaire et provient d'une circulaire du ministère chargé du travail
Trichloronaphtalène;;;;1321-65-9;Risque de pénétration percutanée;1987;;5;;;Risque de pénétration percutanée;
Trichlorure de phosphoryle;Chlorure de phosphoryle,oxytrichlorure de phosphore;;;10025-87-3;;2021;0,01;0,064;0,02;0,12;;
Triéthylamine;;;;121-44-8;Risque de pénétration percutanée;2007;1;4,2;3;12,6;Risque de pénétration percutanée;
Triiodométhane;Iodoforme;;;75-47-8;;1987;0,6;10;;;;
Triméthylamine;;;;75-50-3;;2021;2;4,9;5;12,5;;
Trinitrate de glycérol;Nitroglycérine;;;55-63-0;Risque de pénétration percutanée;2019;0,01;0,095;0,02;0,19;Risque de pénétration percutanée;
Triphénylamine;;;;603-34-9;;1987;;5;;;;
Vanadium,poussières et fumées (en V2O5);;;;1314-62-1;Certains ou tous ces composées sont classés (Cancérogène de catégorie 1A, Cancérogène de catégorie 1B ou Cancérogène de catégorie 2), (Mutagène de catégorie 1A, Mutagène de catégorie 1B ou Mutagène de catégorie 2) et (Toxique pour la reproduction de catégorie 1A, Toxique pour la reproduction de catégorie 1B ou Toxique pour la reproduction de catégorie 2).;1987;;0,05;;;Certains ou tous ces composées sont classés (Cancérogène de catégorie 1A, Cancérogène de catégorie 1B ou Cancérogène de catégorie 2), (Mutagène de catégorie 1A, Mutagène de catégorie 1B ou Mutagène de catégorie 2) et (Toxique pour la reproduction de catégorie 1A, Toxique pour la reproduction de catégorie 1B ou Toxique pour la reproduction de catégorie 2).;
Vinyltoluènes (tous isomères);;;;25013-15-4;;1987;50;240;;;;
Xylène, isomères mixtes, purs;;;;1330-20-7;Risque de pénétration percutanée;2007;50;221;100;442;Risque de pénétration percutanée;
Xylidines (tous isomères);;;;1300-73-8;Risque de pénétration percutanée;1987;2;10;;;Risque de pénétration percutanée;
Yttrium;;;;7440-65-5;;1987;;1;;;;
Zeidane;DDT;;;50-29-3;Cancérogène de catégorie 2;1987;;1;;;Cancérogène de catégorie 2;
Zinc (chlorure de,fumées);Chlorure de zinc;;;7646-85-7;;1987;;1;;;;
Zinc (oxyde de,fumées);Oxyde de zinc;;;1314-13-2;;1987;;5;;;;
Zinc (oxyde de,poussières);Oxyde de zinc;;;1314-13-2;;1987;;10;;;;
Zinc (stéarate de);Stéarate de zinc;;;557-05-1;;1987;;10;;;;
?-Chloroacétophénone;;;;532-27-4;;1987;0,05;0,3;;;;
?-Chlorotoluène;Chlorure de benzyle;;;100-44-7;Cancérogène de catégorie 1B;1984;1;5;2;11;Cancérogène de catégorie 1B;
?-HCH;Lindane;;;58-89-9;Risque de pénétration percutanée;1987;;0,5;;;Risque de pénétration percutanée;
?-Caprolactame (poudre et vapeur);;;;105-60-2;;2004;;10;;40;;
;;;;;;;;;;;;
;;;;;;;;;;;;
